{"cameraMode":{"drawMode":0,"name":"Shaded","section":"Shading Mode"},"sceneLighting":false,"audioPlay":false,"sceneViewState":{"m_AlwaysRefresh":false,"showFog":true,"showSkybox":false,"showFlares":true,"showImageEffects":true,"showParticleSystems":true,"showVisualEffectGraphs":true,"m_FxEnabled":true},"in2DMode":false,"pivot":{"x":0.5016652345657349,"y":0.05498597025871277,"z":-2.6037638187408449},"rotation":{"x":-0.005156731233000755,"y":-0.9911463260650635,"z":0.04047079756855965,"w":-0.1264510452747345},"size":2.0863828659057619,"orthographic":false}