{"cameraMode":{"drawMode":0,"name":"Shaded","section":"Shading Mode"},"sceneLighting":false,"audioPlay":false,"sceneViewState":{"m_AlwaysRefresh":false,"showFog":true,"showSkybox":false,"showFlares":true,"showImageEffects":true,"showParticleSystems":true,"showVisualEffectGraphs":true,"m_FxEnabled":true},"in2DMode":false,"pivot":{"x":0.48426657915115359,"y":1.520280361175537,"z":-2.269664764404297},"rotation":{"x":0.15425096452236176,"y":-0.2343047708272934,"z":0.03607010468840599,"w":0.9596678018569946},"size":0.8660253882408142,"orthographic":false}