{"cameraMode":{"drawMode":0,"name":"Shaded","section":"Shading Mode"},"sceneLighting":false,"audioPlay":false,"sceneViewState":{"m_AlwaysRefresh":false,"showFog":true,"showSkybox":false,"showFlares":true,"showImageEffects":true,"showParticleSystems":true,"showVisualEffectGraphs":true,"m_FxEnabled":true},"in2DMode":false,"pivot":{"x":-0.22254711389541627,"y":0.8625355958938599,"z":0.18192720413208009},"rotation":{"x":0.08595552295446396,"y":0.22901101410388947,"z":-0.020656300708651544,"w":0.9695930480957031},"size":0.8381527066230774,"orthographic":false}